,0,1,2,4,5,동
0,광호주유소,서울특별시 서대문구 홍은동 431번지 ,서울특별시 서대문구 연희로 266 (홍은동),37.5807121,126.9343882,홍은동
1,(주)안국에너지 삼보주유소,서울특별시 서대문구 연희동 194-32번지 ,서울특별시 서대문구 연희로 78 (연희동),37.5649687,126.9277413,연희동
2,(주)중앙에너비스동교지점,서울특별시 서대문구 창천동 512-3번지 ,서울특별시 서대문구 연희로 12 (창천동),37.5614034,126.9304364,창천동
3,연희주유소,서울특별시 서대문구 연희동 89-7번지 ,서울특별시 서대문구 연희로 129 (연희동),37.5692438,126.9303007,연희동
4,삼미상사(주) 서부주유소,서울특별시 서대문구 연희동 446-4번지 ,서울특별시 서대문구 성산로 255 (연희동),37.5677169,126.9167661,연희동
5,홍제동주유소,서울특별시 서대문구 홍제동 22-3번지 ,서울특별시 서대문구 통일로 372 (홍제동),37.5799933,126.9475982,홍제동
6,행촌 제2주유소,서울특별시 서대문구 대신동 16-7번지 ,서울특별시 서대문구 성산로 490 (대신동),37.5649855,126.9376761,대신동
7,(주)마봉 신우주유소,서울특별시 서대문구 홍은동 379-6번지 ,서울특별시 서대문구 가좌로 106 (홍은동),37.5822173,126.92439,홍은동
8,남정주유소,서울특별시 서대문구 남가좌동 329-34번지 ,서울특별시 서대문구 모래내로 243 (남가좌동),37.5705934,126.9166136,남가좌동
9,(주)창원현대주유소,서울특별시 서대문구 홍은동 171-5번지 ,서울특별시 서대문구 통일로 537 (홍은동),37.5953947,126.9373274,홍은동
10,(주)창원현대에너지 홍제지점 현대주유소,서울특별시 서대문구 홍제동 330-61번지 ,서울특별시 서대문구 통일로 455 (홍제동),37.5796131,126.9464884,홍제동
11,KH에너지(주) 직영 독립문주유소,서울특별시 서대문구 홍제동 103-9번지 ,서울특별시 서대문구 통일로 384 (홍제동),37.5805417,126.9474603,홍제동
12,문화촌주유소,서울특별시 서대문구 홍제동 279-43번지 ,서울특별시 서대문구 세검정로 87 (홍제동),37.595423,126.9462286,홍제동
13,구도일주유소 두꺼비,서울특별시 서대문구 연희동 220-55번지 ,서울특별시 서대문구 성산로 312 (연희동),37.5659928,126.9226443,연희동
14,연세주유소,서울특별시 서대문구 연희동 76-11번지 ,서울특별시 서대문구 연희로 184 (연희동),37.573442,126.933723,연희동
15,㈜가재울뉴타운주유소,서울특별시 서대문구 남가좌동 80-26번지 ,서울특별시 서대문구 모래내로 205 (남가좌동),37.5709403,126.9168135,남가좌동
16,수색뉴타운 주유소,서울특별시 은평구 수색동 314-1번지 ,서울특별시 은평구 수색로 350 (수색동),37.5871071,126.8853532,수색동
17,녹번주유소,서울특별시 은평구 녹번동 59-1번지 ,서울특별시 은평구 통일로 600 (녹번동),37.6044316,126.9309466,녹번동
18,대성주유소,서울특별시 은평구 녹번동 19-38번지 ,서울특별시 은평구 통일로 642 (녹번동),37.6039651,126.9331026,녹번동
19,은평뉴타운주유소,서울특별시 은평구 불광동 493번지 ,서울특별시 은평구 통일로 924 (불광동),37.6253959,126.9255355,불광동
20,박석고개주유소,서울특별시 은평구 갈현동 1-6번지 ,서울특별시 은평구 통일로 945 (갈현동),37.6255969,126.9142959,갈현동
21,서부주유소,서울특별시 은평구 응암동 576-39번지 ,서울특별시 은평구 응암로 210 (응암동),37.5906926,126.9155336,응암동
22,성원E&S은평지점,서울특별시 은평구 진관동 240-27번지 ,서울특별시 은평구 통일로 968 (진관동),37.6292375,126.9174866,진관동
23,SK네트웍스(주) 은평드림주유소,서울특별시 은평구 진관동 73-22번지 ,서울특별시 은평구 통일로 1151 (진관동),37.6438385,126.9102271,진관동
24,(주)에스지,서울특별시 은평구 신사동 338-4번지 ,서울특별시 은평구 증산로 371 (신사동),37.5893734,126.9106228,신사동
25,뉴타운 셀프주유소,서울특별시 은평구 진관동 50,서울특별시 은평구 통일로 1031 (진관동),37.6331871,126.9171382,진관동
26,행운주유소,서울특별시 관악구 봉천동 1679-30번지 ,서울특별시 관악구 남부순환로 1883 (봉천동),37.4790749,126.956938,봉천동
27,(주)엠오티이엔지 직영 삼화주유소,서울특별시 관악구 봉천동 726-10번지 ,서울특별시 관악구 보라매로 41 (봉천동),37.4931625,126.9244921,봉천동
28,SK네트웍스(주)하계주유소,서울특별시 노원구 하계동 243-3번지 ,서울특별시 노원구 노원로17길 29 (하계동),37.6391274,127.0671892,하계동
29,신성주유소,서울특별시 노원구 월계동 295-4번지  29호 30호 ,서울특별시 노원구 월계로 328 (월계동 29호 30호),37.6287449,127.0550975,월계동
30,노원주유소,서울특별시 노원구 공릉동 596-10번지 ,서울특별시 노원구 동일로 1008 (공릉동),37.6259459,127.0726725,공릉동
31,상계주유소,서울특별시 노원구 상계동 718-2번지 ,서울특별시 노원구 노해로 527 (상계동),37.6559345,127.0642906,상계동
32,성북역주유소,서울특별시 도봉구 창동 825번지 24통4반 북한산아이파크 518동 902호,서울특별시 도봉구 도봉로136길 28 518동 902호 (창동북한산아이파크),37.657188,127.0432306,창동
33,당고개주유소,서울특별시 노원구 상계동 110-9번지 ,서울특별시 노원구 덕릉로 805 (상계동),37.6688114,127.0775173,상계동
34,순환주유소,서울특별시 노원구 상계동 1049-66번지 ,서울특별시 노원구 동일로 1637  (상계동),37.674471,127.0527134,상계동
35,하계삼호주유소,서울특별시 노원구 하계동 141-3번지 ,서울특별시 노원구 공릉로 294 (하계동),37.6335815,127.0700812,하계동
36,삼육주유소,서울특별시 노원구 공릉동 26-63번지 ,서울특별시 노원구 화랑로 822 (공릉동),37.6386252,127.106879,공릉동
37,(주)소모에너지엔테크놀러지 수락산주유소,서울특별시 노원구 상계동 1205-7번지 ,서울특별시 노원구 동일로 1772 (상계동),37.6866099,127.0536467,상계동
38,배꽃나라주유소,서울특별시 노원구 공릉동 657번지 1214호 ,서울특별시 노원구 화랑로 466 (공릉동),37.618542,127.0770634,공릉동
39,화랑대주유소,서울특별시 노원구 공릉동 649-14번지 외1필지 ,서울특별시 노원구 화랑로 483 (공릉동),37.6196049,127.0785172,공릉동
40,(주)동하석유  태릉솔밭주유소,서울특별시 노원구 공릉동 230-17번지 ,서울특별시 노원구 노원로 49 (공릉동),37.6259181,127.0833448,공릉동
41,삼육주유소,서울특별시 노원구 공릉동 26-44번지 ,서울특별시 노원구 화랑로60가길 31  (공릉동),37.638922,127.1084742,공릉동
42,SK네트웍스(주)노원역주유소,서울특별시 노원구 상계동 706-2번지 ,서울특별시 노원구 노해로75길 20-25 (상계동),37.6549874,127.0564465,상계동
43,상계동주유소,서울특별시 노원구 상계동 387-212번지 ,서울특별시 노원구 노원로26길 191 (상계동),37.6583374,127.068956,상계동
44,한신주유소,서울특별시 노원구 공릉동 379-17번지 ,서울특별시 노원구 동일로 1089 (공릉동),37.6271125,127.0737695,공릉동
46,월계주유소,서울특별시 노원구 월계동 935번지 ,서울특별시 노원구 월계로 252 (월계동),37.6244446,127.04851,월계동
47,구도일주유소 불암,서울특별시 노원구 중계동 366-8번지 ,서울특별시 노원구 한글비석로 268 (중계동),37.6512956,127.0751134,중계동
48,유림주유소,서울특별시 관악구 신림동 112-47번지 ,서울특별시 관악구 신림로 174 (신림동),37.4798113,126.9226935,신림동
49,씨제이대한통운(주),서울특별시 관악구 신림동 507-24번지 ,서울특별시 관악구 남부순환로 1515 (신림동),37.482932,126.9166762,신림동
50,SK네트웍스(주) 서울셀프주유소,서울특별시 관악구 신림동 406-6번지 ,서울특별시 관악구 신림로 183 (신림동),37.4797746,126.926371,신림동
51,SK에너지(주) 신봉천주유소,서울특별시 관악구 봉천동 1663-11번지 ,서울특별시 관악구 남부순환로 1880 (봉천동),37.4787022,126.956163,봉천동
52,대양석유(주)보라매주유소,서울특별시 관악구 봉천동 729-4번지 ,서울특별시 관악구 보라매로 26 (봉천동),37.49165,126.9250282,봉천동
53,서일석유(주) 락성주유소,서울특별시 관악구 봉천동 1659-1번지 ,서울특별시 관악구 남부순환로 1920 (봉천동),37.4770721,126.9601439,봉천동
54,한규상사 유정주유소,서울특별시 관악구 봉천동 948-17번지 ,서울특별시 관악구 남부순환로 1691 (봉천동),37.4841096,126.9363425,봉천동
55,서울석유(주) 대공원주유소,서울특별시 관악구 남현동 602-306번지 ,서울특별시 관악구 과천대로 921 (남현동),37.4727639,126.9799968,남현동
56,남현주유소,서울특별시 관악구 남현동 1054-6번지 ,서울특별시 관악구 남부순환로 2014 (남현동),37.4727635,126.9734307,남현동
57,난곡주유소,서울특별시 관악구 신림동 616-1번지 ,서울특별시 관악구 난곡로 206 (신림동),37.4733457,126.916569,신림동
58,신관주유소,서울특별시 관악구 신림동 1641-58번지 ,서울특별시 관악구 신림로 290 (신림동),37.4803339,126.9285108,신림동
59,현대주유소,서울특별시 관악구 신림동 666-14번지 ,서울특별시 관악구 난곡로 108 (신림동),37.4649327,126.9174633,신림동
60,시몬주유소,서울특별시 관악구 봉천동 912-15번지 ,서울특별시 관악구 남부순환로 1753 (봉천동),37.4823516,126.9428778,봉천동
61,문성골주유소,서울특별시 관악구 신림동 1477-5번지 ,서울특별시 관악구 문성로 97 (신림동),37.4777782,126.9121749,신림동
62,SK네트웍스(주) 관악로주유소,서울특별시 관악구 봉천동 37-82번지 ,서울특별시 관악구 관악로 260 (봉천동),37.4871788,126.9558011,봉천동
63,방아다리주유소,서울특별시 강동구 명일동 216-5번지 ,서울특별시 강동구 동남로 811 (명일동),37.5485148,127.1341524,명일동
64,신월주유소,서울특별시 강동구 성내동 439-16번지 ,서울특별시 강동구 양재대로 1323 (성내동),37.5349201,127.1218561,성내동
65,대성석유(주)길동주유소,서울특별시 강동구 둔촌동 66-2번지 ,서울특별시 강동구 천호대로 1168 (둔촌동),37.5245919,127.1437006,둔촌동
66,광성주유소,서울특별시 강동구 천호동 354-4번지 ,서울특별시 강동구 올림픽로 673 (천호동),37.5415336,127.1219462,천호동
67,sk네트웍스(주)고속주유소,서울특별시 강동구 둔촌동 600-1번지 ,서울특별시 강동구 천호대로 1246 (둔촌동),37.5360802,127.1510635,둔촌동
68,SK네트웍스(주)암사주유소,서울특별시 강동구 암사동 513-27번지 ,서울특별시 강동구 올림픽로 749 (암사동),37.5482544,127.124235,암사동
69,(주)소모에너지엔테크놀러지 성내주유소,서울특별시 강동구 성내동 108-9번지 107-7 ,서울특별시 강동구 올림픽로 578 (성내동),37.531341,127.1251202,성내동
70,(주)선우지에스엠 Q엔느 강동주유소,서울특별시 강동구 길동 368-5번지 ,서울특별시 강동구 양재대로 1509 (길동),37.537769,127.1378033,길동
71,SK네트웍스(주)명일주유소,서울특별시 강동구 명일동 305-51번지 ,서울특별시 강동구 고덕로 168 (명일동),37.5525069,127.1392818,명일동
72,씨제이대한통운㈜ 직영 천호점주유소,서울특별시 강동구 천호동 308-11번지 ,서울특별시 강동구 천중로 67 (천호동),37.5451051,127.1272683,천호동
73,㈜지유에너지 직영 오렌지주유소,서울특별시 강동구 성내동 385-4번지 ,서울특별시 강동구 성안로 102 (성내동),37.5322642,127.1309466,성내동
74,구천면주유소,서울특별시 강동구 암사동 425-187번지 ,서울특별시 강동구 구천면로 357 (암사동),37.5504208,127.1360441,암사동
75,구도일주유소 코알라,서울특별시 강동구 성내동 319-1번지 ,서울특별시 강동구 올림픽로 556 (성내동),37.5293901,127.1202383,성내동
76,알이디씨 주식회사(천동주유소),서울특별시 강동구 천호동 458-3번지 ,서울특별시 강동구 천호대로 987 (천호동),37.5430144,127.1331216,천호동
77,SK네트웍스(주) 직영 한미주유소,서울특별시 강동구 성내동 550번지 ,서울특별시 강동구 성내로 32 (성내동),37.5291389,127.1216035,성내동
78,(주)삼표에너지 고덕주유소,서울특별시 강동구 암사동 441-14번지 ,서울특별시 강동구 고덕로 39 (암사동),37.5549868,127.1275009,암사동
79,SK 네트웍스(주) 길동주유소,서울특별시 강동구 길동 255-2번지 ,서울특별시 강동구 천호대로 1221 (길동),37.5378049,127.1455652,길동
80,해뜨는 주유소,서울특별시 강동구 강일동 642-1번지 ,서울특별시 강동구 상일로 132 (강일동),37.558717,127.1691898,강일동
81,코끼리주유소,서울특별시 은평구 녹번동 154-1번지 ,서울특별시 은평구 서오릉로 41 (녹번동),37.6044033,126.9220078,녹번동
82,타이거주유소,서울특별시 은평구 증산동 222-6번지 ,서울특별시 은평구 수색로 188 (증산동),37.5843431,126.9053666,증산동
83,신사제일주유소,서울특별시 은평구 신사동 35-11번지 ,서울특별시 은평구 증산로 423 (신사동),37.594051,126.9117324,신사동
84,불광주유소,서울특별시 은평구 불광동 105-118번지 ,서울특별시 은평구 연서로 314 (불광동),37.6194168,126.9202046,불광동
85,다회주유소,서울특별시 은평구 신사동 34-37번지 ,서울특별시 은평구 증산로 441 (신사동),37.5955921,126.9122626,신사동
86,삼융주유소,서울특별시 은평구 수색동 379-8번지 ,서울특별시 은평구 수색로 299 (수색동),37.5839269,126.8889421,수색동
87,삼미상사(주)북부주유소,서울특별시 도봉구 쌍문동 103-7번지 ,서울특별시 도봉구 도봉로 437 (쌍문동),37.6496008,127.0184599,쌍문동
88,극동유화(주) 대안주유소,서울특별시 도봉구 창동 744번지 ,서울특별시 도봉구 마들로 574 (창동),37.6614812,127.0453501,창동
89,한유이엔지주식회사 KLP제1주유소,서울특별시 도봉구 창동 731-19번지 ,서울특별시 도봉구 도봉로 596 (창동),37.6577143,127.0383806,창동
90,도봉주유소,서울특별시 도봉구 도봉동 561-6번지 ,서울특별시 도봉구 도봉로 895 (도봉동),37.6844111,127.0433099,도봉동
91,(주)디케이비엠시구도일주유소 도봉,서울특별시 도봉구 방학동 705-15번지 ,서울특별시 도봉구 도봉로 706 (방학동),37.6674854,127.0414263,방학동
92,(주)송만에너지 도봉제일주유소,서울특별시 도봉구 도봉동 601-55번지 ,서울특별시 도봉구 도봉로 783 (도봉동),37.674434,127.041862,도봉동
93,현대오일뱅크(주)직영 쌍문셀프주유소(쌍문점),서울특별시 도봉구 쌍문동 342-1번지 ,서울특별시 도봉구 노해로 161 (쌍문동),37.6490417,127.0246104,쌍문동
94,오복주유소,서울특별시 도봉구 방학동 724-5번지 ,서울특별시 도봉구 방학로 43 (방학동),37.6622407,127.045235,방학동
95,쌍문주유소,서울특별시 도봉구 쌍문동 699번지 ,서울특별시 도봉구 도봉로 547 (쌍문동),37.6526446,127.0097446,쌍문동
96,정다운주유소,서울특별시 도봉구 쌍문동 707번지 920호 ,서울특별시 도봉구 도봉로 635 (쌍문동),37.6558344,127.0366799,쌍문동
97,(주)디케이비엠시 서현주유소,서울특별시 도봉구 방학동 691번지 345호 ,서울특별시 도봉구 방학로 142 (방학동),37.6630108,127.0342094,방학동
98,해와달주유소,서울특별시 도봉구 도봉동 629번지 ,서울특별시 도봉구 마들로 776 (도봉동),37.678829,127.0475158,도봉동
99,동일석유(주)창동주유소,서울특별시 도봉구 창동 650-65번지 ,서울특별시 도봉구 도봉로 434 (창동),37.6445794,127.0305858,창동
100,대성산업(주)신창주유소,서울특별시 도봉구 창동 603-84번지 ,서울특별시 도봉구 덕릉로 267 (창동),37.6413062,127.0380024,창동
101,방학동주유소(GS칼텍스),서울특별시 도봉구 방학동 668-10번지 ,서울특별시 도봉구 방학로 186 (방학동),37.6624409,127.0293171,방학동
102,SK네트웍스(주) 영신주유소,서울특별시 도봉구 방학동 671-2번지 ,서울특별시 도봉구 방학로 151 (방학동),37.6624409,127.0293171,방학동
103,(주)소모에너지엔테크놀러지 신중계주유소,서울특별시 도봉구 방학동 725-9520호 ,서울특별시 도봉구 방학로 21 (방학동),37.6617434,127.0475898,방학동
104,SK북악주유소,서울특별시 종로구 평창동 103-1번지 ,서울특별시 종로구 평창문화로 137 (평창동),37.6080297,126.9715578,평창동
105,(주)마봉 안풍주유소,서울특별시 종로구 홍지동 126-1번지 ,서울특별시 종로구 자하문로 303 (홍지동),37.6012246,126.9515897,홍지동
106,(주)지에스이앤알 평창주유소,서울특별시 종로구 평창동 80-1번지 ,서울특별시 종로구 평창문화로 135 (평창동),37.6062322,126.9601201,평창동
107,구도일주유소 특종,서울특별시 종로구 평창동 198-1번지 ,서울특별시 종로구 평창문화로 90 (평창동),37.6114973,126.970261,평창동
108,SK네트웍스(주)재동주유소,서울특별시 종로구 경운동 96-18번지 ,서울특별시 종로구 율곡로 58 (경운동),37.5743567,126.9849519,경운동
109,주식회사 대양씨앤씨 경복궁주유소,서울특별시 종로구 중학동 14번지 ,서울특별시 종로구 율곡로 6 (중학동),37.5760111,126.9784732,중학동
110,주식회사 대양씨앤씨,서울특별시 종로구 사직동 262-85번지 ,서울특별시 종로구 사직로 65 (사직동),37.5744645,126.9644294,사직동
111,(주)중앙에너비스혜화지점,서울특별시 종로구 혜화동 102-2번지 ,서울특별시 종로구 창경궁로35길 1 (혜화동),37.5845583,126.9989325,혜화동
112,무궁화주유소,서울특별시 은평구 응암동 594-1번지 ,서울특별시 은평구 응암로 163 (응암동),37.5867041,126.9137073,응암동
113,증산주유소,서울특별시 은평구 증산동 174-1번지 ,서울특별시 은평구 증산로 275 (증산동),37.5867037,126.9071412,증산동
114,갈현주유소,서울특별시 은평구 갈현동 506-5번지 ,서울특별시 은평구 갈현로 197 (갈현동),37.6153296,126.9106606,갈현동
115,수색훼미리주유소,서울특별시 은평구 수색동 154-5번지 ,서울특별시 은평구 수색로 236 (수색동),37.581122,126.8955853,수색동
116,현대주유소,서울특별시 양천구 신월동 167-1번지 ,서울특별시 양천구 남부순환로 372 (신월동),37.5338107,126.8270511,신월동
117,신양주유소,서울특별시 양천구 신월동 951-4번지 ,서울특별시 양천구 지양로 67 (신월동),37.5214632,126.8316323,신월동
118,목동주유소,서울특별시 양천구 목동 199-58번지 ,서울특별시 양천구 목동중앙로 125 (목동),37.539599,126.8723837,목동
119,신월동주유소,서울특별시 양천구 신월동 199-5번지 ,서울특별시 양천구 남부순환로 408 (신월동),37.5310027,126.8288329,신월동
120,현대오일뱅크(주) 직영 목동셀프주유소,서울특별시 양천구 목동 516-1번지 ,서울특별시 양천구 공항대로 648 (목동),37.5463168,126.86172,목동
121,SK에너지(주)신평주유소,서울특별시 양천구 신정동 209-6번지 ,서울특별시 양천구 목동남로 62 (신정동),37.5093616,126.8640381,신정동
122,대농self주유소,서울특별시 양천구 신월동 474-4번지 ,서울특별시 양천구 중앙로 331 (신월동),37.5254507,126.8475681,신월동
123,(주)삼표에너지 목동주유소,서울특별시 양천구 목동 905-30번지 ,서울특별시 양천구 목동서로 129 (목동),37.532098,126.8733326,목동
124,건지주유소,서울특별시 양천구 목동 121-4번지 ,서울특별시 양천구 안양천로 1171 (목동),37.5451737,126.8799678,목동
125,(주)지에스이앤알 서울주유소,서울특별시 양천구 신정동 1294-6번지 ,서울특별시 양천구 신정로 236 (신정동),37.5105184,126.8454989,신정동
126,신신월 주유소,서울특별시 양천구 신월동 534-24번지 ,서울특별시 양천구 신월로 193 (신월동),37.5200142,126.84188,신월동
127,양천구주유소,서울특별시 양천구 목동 804-35번지 ,서울특별시 양천구 국회대로 275 (목동),37.5302832,126.8633402,목동
128,에이치지에너지 가로공원주유소,서울특별시 양천구 신월동 87-15번지 ,서울특별시 양천구 가로공원로 165 (신월동),37.5369402,126.8320894,신월동
129,(주)부흥에너지 평화주유소,서울특별시 양천구 신정동 161-5번지 ,서울특별시 양천구 안양천로 657 (신정동),37.5058857,126.8685831,신정동
130,SK에너지(주)경인주유소,서울특별시 양천구 신정동 872-5번지 ,서울특별시 양천구 국회대로 170 (신정동),37.528087,126.8516311,신정동
131,신목동셀프주유소,서울특별시 양천구 신정동 296-5번지 ,서울특별시 양천구 신목로7길 11 (신정동),37.5194912,126.8688498,신정동
132,동일석유(주)개나리주유소,서울특별시 양천구 신월동 206-1번지 ,서울특별시 양천구 남부순환로 442 (신월동),37.5280874,126.8307926,신월동
133,(주)서부티엔디,서울특별시 양천구 신정동 1315번지 서부트럭터미널 ,서울특별시 양천구 신정로 167 (신정동),37.5091516,126.8371285,신정동
134,서호주유소,서울특별시 양천구 신월동 52-1번지 ,서울특별시 양천구 남부순환로 317 (신월동),37.5385523,126.8247389,신월동
135,양천주유소,서울특별시 양천구 신정동 151-20번지 ,서울특별시 양천구 목동로 17 (신정동),37.5385471,126.7919081,신정동
136,SK네트웍스(주)SK OK주유소,서울특별시 양천구 목동 122-2번지 ,서울특별시 양천구 안양천로 1179 (목동),37.545811,126.8792374,목동
137,신정동주유소,서울특별시 양천구 신정동 162-40번지 ,서울특별시 양천구 안양천로 663 (신정동),37.5063457,126.8689211,신정동
138,양정주유소,서울특별시 양천구 신정동 872-1번지 ,서울특별시 양천구 국회대로 158 (신정동),37.5280112,126.8503233,신정동
139,형산석유(주)원주유소,서울특별시 양천구 신정동 872-1,서울특별시 양천구 남부순환로 408 (신월동),37.5310027,126.8288329,신정동
140,(주)서우유통에너지,서울특별시 동작구 노량진동 267-6번지 ,서울특별시 동작구 노량진로 78 (노량진동),37.5128292,126.9324135,노량진동
141,살피재주유소,서울특별시 동작구 상도동 468-1번지 ,서울특별시 동작구 상도로 334 (상도동),37.4983211,126.9491876,상도동
142,매일주유소,서울특별시 동작구 상도동 190-1번지 ,서울특별시 동작구 상도로 139 (상도동),37.5027158,126.9329044,상도동
143,서경주유소,서울특별시 동작구 신대방동 687-13번지 ,서울특별시 동작구 대림로 46 (신대방동),37.4879468,126.9060517,신대방동
144,대방주유소,서울특별시 동작구 대방동 383-19번지 ,서울특별시 동작구 여의대방로 214 (대방동),37.5026451,126.9243914,대방동
145,현대오일뱅크(주) 직영 사당셀프주유소,서울특별시 동작구 사당동 1007-47번지 ,서울특별시 동작구 동작대로 73 (사당동),37.4830715,126.979329,사당동
146,대성산업(주) 노량진주유소,서울특별시 동작구 노량진동 148-8번지 ,서울특별시 동작구 노량진로 172 (노량진동),37.5135122,126.9426565,노량진동
147,SK네트웍스(주) 흑석동주유소,서울특별시 동작구 흑석동 9-46번지 ,서울특별시 동작구 현충로 101 (흑석동),37.5107099,126.9568642,흑석동
148,SK네트웍스(주) 21세기주유소,서울특별시 동작구 신대방동 686-44번지 ,서울특별시 동작구 시흥대로 616 (신대방동),37.4871156,126.9033771,신대방동
149,현대오일뱅크(주) 직영 동작주유소,서울특별시 동작구 상도동 121-21번지 ,서울특별시 동작구 상도로 403 (상도동),37.493427,126.9543166,상도동
150,(주)창원현대에너지 동작지점 금성주유소,서울특별시 동작구 상도동 103-1번지 외 1필지 ,서울특별시 동작구 사당로 59 (상도동),37.4948932,126.9592414,상도동
151,한원케미칼(주),서울특별시 동작구 사당동 86-3번지 ,서울특별시 동작구 동작대로 135 (사당동),37.4886663,126.9797675,사당동
152,백산주유소,서울특별시 금천구 시흥동 904번지 (시흥대로 513) ,서울특별시 금천구 시흥대로 174 (시흥동),37.4496089,126.9007661,시흥동
153,구광석유주유소,서울특별시 금천구 가산동 535-155번지 (서부샛길 33) ,서울특별시 금천구 서부샛길 674 (가산동),37.4819679,126.8729604,가산동
154,대득에너지 (금천셀프주유소),서울특별시 금천구 시흥동 983번지 ,서울특별시 금천구 시흥대로 81 (시흥동),37.4415477,126.9009177,시흥동
155,남서울(경복에너지),서울특별시 금천구 독산동 195-2번지 ,서울특별시 금천구 독산로 257 (독산동),37.46981,126.9001476,독산동
156,경복에너지주유소,서울특별시 금천구 시흥동 860-36번지 (독산동길 220) ,서울특별시 금천구 독산로 147 (시흥동),37.4604604,126.9022443,시흥동
157,SK에너지(주) 박미주유소,서울특별시 금천구 시흥동 980번지 (시흥대로 646-2) ,서울특별시 금천구 시흥대로 39-7 (시흥동),37.4371734,126.9002685,시흥동
158,SK네트웍스(주) 순환도로주유소,서울특별시 금천구 독산동 900-4번지 (독산동길 72) ,서울특별시 금천구 남부순환로 1410 (독산동),37.4801783,126.9053054,독산동
159,SK에너지(주) 이가주유소,서울특별시 금천구 독산동 150-6번지 (시흥대로 244) ,서울특별시 금천구 시흥대로 441 (독산동),37.4730006,126.895702,독산동
160,(주)태영유업,서울특별시 금천구 독산동 967번지 (시흥대로 201) ,서울특별시 금천구 시흥대로 484 (독산동),37.4767708,126.8969774,독산동
161,KH에너지(주) 직영 시흥대로주유소,서울특별시 금천구 시흥동 993번지 (시흥대로 466) ,서울특별시 금천구 시흥대로 221 (시흥동),37.453405,126.8983496,시흥동
162,백운주유소,서울특별시 금천구 독산동 1077-3번지 (시흥대로 405) ,서울특별시 금천구 시흥대로 282 (독산동),37.4588515,126.8971531,독산동
163,성부주유소,서울특별시 금천구 가산동 142-13번지 (남부순환로 1274) ,서울특별시 금천구 남부순환로 1272 (가산동),37.4786369,126.8899424,가산동
164,주식회사 명보에너지,서울특별시 금천구 독산동 292-7번지 (시흥대로 312) ,서울특별시 금천구 시흥대로 377 (독산동),37.4672071,126.8949449,독산동
165,협진제유산업(주)동일주유소,서울특별시 성동구 성수동2가 289-2번지 ,서울특별시 성동구 광나루로 254 (성수동2가),37.548454,127.0556252,성수동2가
166,아이콘주유소,서울특별시 성동구 도선동 2-4번지 ,서울특별시 성동구 고산자로 273 (도선동),37.563348,127.030744,도선동
167,태은에너지 KLP제2주유소,서울특별시 성동구 송정동 83-3번지 ,서울특별시 성동구 동일로 249 (송정동),37.5542943,127.0658124,송정동
168,KH에너지(주) 직영 성수만세주유소,서울특별시 성동구 성수동1가 656-1208번지 ,서울특별시 성동구 왕십리로 109 (성수동1가),37.5489606,127.0412,성수동1가
169,삼우 주유소,서울특별시 성동구 용답동 229-5번지 ,서울특별시 성동구 천호대로 392 (용답동),37.5613925,127.0600962,용답동
170,주식회사 서울에너지,서울특별시 성동구 용답동 5-4번지 ,서울특별시 성동구 천호대로 324 (용답동),37.5641954,127.0533907,용답동
171,정호주유소,서울특별시 성동구 마장동 573-1,서울특별시 성동구 고산자로 307 (행당동),37.5668696,127.0342041,마장동
172,현대오일뱅크(주)성동현대주유소,서울특별시 성동구 마장동 771번지 ,서울특별시 성동구 마장로 311 (마장동),37.5669759,127.041513,마장동
173,옥수 주유소,서울특별시 성동구 옥수동 449-5번지 ,서울특별시 성동구 독서당로 168 (옥수동),37.5409535,127.0091985,옥수동
174,청계로 주유소,서울특별시 성동구 하왕십리동 291-9번지 ,서울특별시 성동구 청계천로 454 (하왕십리동),37.5700016,127.0251892,하왕십리동
175,금호주유소,서울특별시 성동구 금호동4가 187-2번지 ,서울특별시 성동구 금호로 39 (금호동4가),37.5470255,127.0228409,금호동4가
176,세원주유소,서울특별시 성동구 성수동1가 13-11번지 ,서울특별시 성동구 광나루로 184 (성수동1가),37.5508115,127.0482541,성수동1가
177,경진주유소,서울특별시 성동구 용답동 229-5번지 ,서울특별시 성동구 천호대로 392 (용답동),37.5613925,127.0600962,용답동
178,SK에너지(주) 군자동주유소,서울특별시 성동구 용답동 236-1번지 ,서울특별시 성동구 천호대로 446 (용답동),37.5605128,127.0660892,용답동
179,SK네트웍스(주)효진주유소,서울특별시 성동구 성수동2가 19-1번지 ,서울특별시 성동구 동일로 129 (성수동2가),37.5467055,127.0546421,성수동2가
180,동부주유소,서울특별시 성동구 성수동1가 656-216번지 ,서울특별시 성동구 광나루로 146 (성수동1가),37.5512688,127.0442805,성수동1가
181,도루코주유소,서울특별시 성동구 성수동2가 19-14번지 ,서울특별시 성동구 아차산로 180 (성수동2가),37.5419698,127.0612573,성수동2가
182,현대오일뱅크(주)성수주유소,서울특별시 성동구 성수동1가 33-96번지 ,서울특별시 성동구 뚝섬로 352 (성수동1가),37.5399558,127.0476936,성수동1가
185,(주)한미석유 구로그린주유소,서울특별시 구로구 구로동 100-10번지 ,서울특별시 구로구 구로중앙로 76 (구로동),37.4962231,126.8863647,구로동
186,동아주유소,서울특별시 구로구 구로동 147-7번지 ,서울특별시 구로구 도림로 91 (구로동),37.4907961,126.8909694,구로동
187,에서울석유(주)폴페이주유소,서울특별시 구로구 온수동 35-3번지 ,서울특별시 구로구 경인로 41 (온수동),37.4905087,126.8236735,온수동
188,동선주유소,서울특별시 구로구 오류동 77-10번지 ,서울특별시 구로구 경인로 150 (오류동),37.49164,126.8406201,오류동
189,SK네트웍스(주) 신오류주유소,서울특별시 구로구 오류동 81-29번지 91147 ,서울특별시 구로구 경인로 161-0 (오류동),37.4918078,126.8197762,오류동
190,JHC에너지,서울특별시 구로구 구로동 1126-17번지 ,서울특별시 구로구 시흥대로 539 (구로동),37.4813879,126.8975812,구로동
191,SK글로벌(주) 중아주유소,서울특별시 구로구 구로동 46-6   번지 ,,37.5007844,126.8891708,구로동
192,SK구로주유소,서울특별시 구로구 구로동 685-500번지 ,서울특별시 구로구 구일로 94 (구로동),37.4935494,126.8699766,구로동
193,영진주유소,서울특별시 구로구 가리봉동 90-2번지 ,서울특별시 구로구 구로동로 20 (가리봉동),37.4862879,126.884417,가리봉동
194,우리주유소,서울특별시 성북구 석관동 174-1번지 ,서울특별시 성북구 화랑로 292 (석관동),37.6072409,127.051508,석관동
195,현대오일뱅크(주) 직영 개봉셀프주유소,서울특별시 구로구 개봉동 92-3번지 ,서울특별시 구로구 고척로 115 (개봉동),37.5019132,126.8446303,개봉동
196,신성주유소,서울특별시 구로구 구로동 461-13번지 ,서울특별시 구로구 구로동로 187 (구로동),37.49511,126.8801264,구로동
197,처음처럼주유소,서울특별시 구로구 궁동 283-2번지 ,서울특별시 구로구 오리로 1299 (궁동),37.4974958,126.8267204,궁동
198,삼한주유소,서울특별시 송파구 오금동 166번지 상아@ 3-106 ,서울특별시 송파구 오금로 405  (오금동상아@ 3-106),+3-106)/37.5086491,127.0986382,오금동
199,근린공원주유소,서울특별시 구로구 고척동 167-32번지 ,서울특별시 구로구 고척로 199 (고척동),37.5050911,126.8532484,고척동
200,(주)신강석유,서울특별시 구로구 오류동 115-1   번지 ,,37.491646,126.8287816,오류동
201,구로주유소,서울특별시 구로구 구로동 754-4번지 754-5754-6754-7754-10 ,서울특별시 구로구 구로동로 137 (구로동754-5754-6754-7754-10),37.490737,126.8813303,구로동
202,현대오일뱅크(주) 직영 구로셀프주유소,서울특별시 구로구 구로동 1131-4번지 ,서울특별시 구로구 시흥대로 531 (구로동),37.4808979,126.8971124,구로동
203,정은주유소,서울특별시 구로구 고척동 76-74번지 ,서울특별시 구로구 경인로 407 (고척동),37.5010196,126.8631758,고척동
204,대성산업(주) 디큐브주유소,서울특별시 구로구 신도림동 361번지 ,서울특별시 구로구 경인로 650 (신도림동),37.5112218,126.8813665,신도림동
205,(주)새서울석유 대원,서울특별시 구로구 개봉동 359-1번지 SK대원주유소 ,서울특별시 구로구 개봉로 7 SK대원주유소 (개봉동),37.486209,126.8539893,개봉동
206,구인주유소,서울특별시 구로구 구로동 602-6번지 ,서울특별시 구로구 경인로 558 (구로동),37.504209,126.883878,구로동
207,현대오일뱅크(주) 신구로주유소,서울특별시 구로구 구로동 106-5번지 ,서울특별시 구로구 가마산로 293 (구로동),37.4974745,126.8902862,구로동
208,항동주유소,서울특별시 구로구 항동 72번지 74번지 ,서울특별시 구로구 서해안로 2154 (항동),37.4838505,126.8140934,항동
209,삼한주유소,서울특별시 구로구 온수동 9-12번지 ,서울특별시 구로구 부일로 871 (온수동),37.4929263,126.8217901,온수동
210,철석주유소,서울특별시 성북구 종암동 104-1번지 7통4반 에스케이아파트 102동 308호,서울특별시 성북구 종암로24가길 53 102동 308호 (종암동에스케이아파트),37.6011427,127.0349685,종암동
211,구로 시몬 주유소,서울특별시 구로구 개봉동 226-1번지 ,서울특별시 구로구 경인로 290 (개봉동),37.5002628,126.8431855,개봉동
212,SK에너지(주)양평주유소,서울특별시 영등포구 양평동3가 80-2번지 ,서울특별시 영등포구 선유로 195 (양평동3가),37.5284902,126.8902748,양평동3가
213,SK네트웍스(주)윈윈주유소,서울특별시 영등포구 대림동 667-9번지 ,서울특별시 영등포구 가마산로 379 (대림동),37.5023621,126.8972634,대림동
214,SK에너지(주)신길동주유소,서울특별시 영등포구 신길동 50-8번지 ,서울특별시 영등포구 영등포로 348 (신길동),37.5152891,126.9147843,신길동
215,SK네트웍스(주)남부주유소,서울특별시 영등포구 영등포동 426-90번지 ,서울특별시 영등포구 경인로 822 (영등포동),37.515766,126.9052383,영등포동
216,씨엔에스유통(주) 성락주유소,서울특별시 영등포구 신길동 355-545번지 ,서울특별시 영등포구 가마산로 414 (신길동),37.5037504,126.9006348,신길동
217,한일주유소,서울특별시 영등포구 문래동3가 76-3번지 ,서울특별시 영등포구 도림로 486 (문래동3가),37.50375,126.8940687,문래동3가
218,대영주유소,서울특별시 영등포구 영등포동7가 62-14번지 ,서울특별시 영등포구 국회대로 632 (영등포동7가),37.5242339,126.9023056,영등포동7가
219,KH에너지(주) 직영 KH여의도주유소,서울특별시 영등포구 여의도동 13-11번지 ,서울특별시 영등포구 국회대로 794 (여의도동),37.5307038,126.9181016,여의도동
220,국회대로주유소,서울특별시 영등포구 여의도동 17-2번지 ,서울특별시 영등포구 국회대로 746 (여의도동),37.5279651,126.9138249,여의도동
221,강서주유소,서울특별시 영등포구 도림동 71번지 ,서울특별시 영등포구 도신로 151 (도림동),37.5077264,126.90108,도림동
222,박물관주유소,서울특별시 강서구 가양동 26-1,서울특별시 강서구 양천로53길 97 (가양동),37.5674701,126.8481187,가양동
223,SK네트웍스(주) 기린주유소,서울특별시 영등포구 양평동4가 159-1번지 ,서울특별시 영등포구 선유로 270 (양평동4가),37.5378917,126.8954152,양평동4가
224,모드니주유소,서울특별시 영등포구 문래동3가 8-17번지 ,서울특별시 영등포구 경인로 789 (문래동3가),37.5149078,126.8971126,문래동3가
225,보라주유소,서울특별시 영등포구 신길동 70-1번지 ,서울특별시 영등포구 영등포로 399 (신길동),37.5134731,126.9205556,신길동
226,버드나룻길주유소,서울특별시 영등포구 당산동 121-106번지 ,서울특별시 영등포구 버드나루로 111 (당산동),37.5279162,126.9056809,당산동
227,양평주유소,서울특별시 영등포구 양평동5가 37번지 ,서울특별시 영등포구 양평로 141 (양평동5가),37.5383863,126.8905135,양평동5가
228,매봉주유소,서울특별시 영등포구 신길동 100-10번지 ,서울특별시 영등포구 도신로 248 (신길동),37.5130271,126.9161234,신길동
229,SK네트웍스(주)여의도2주유소,서울특별시 영등포구 여의도동 48-1번지 ,서울특별시 영등포구 의사당대로 154 (여의도동),37.5176897,126.9251816,여의도동
230,한경석유(주)경덕주유소,서울특별시 영등포구 신길동 4214번지 ,서울특별시 영등포구 여의대방로23길 2 (신길동),37.5176893,126.9186155,신길동
231,성원이앤에스(주)영등포지점,서울특별시 영등포구 영등포동7가 94-160번지 ,서울특별시 영등포구 국회대로 665 (영등포동7가),37.5251598,126.9026462,영등포동7가
232,엠에스 주유소,서울특별시 영등포구 대림동 664-18번지 ,서울특별시 영등포구 대림로 230 (대림동),37.5013302,126.8952145,대림동
233,여명주유소,서울특별시 영등포구 여의도동 17-4번지 ,서울특별시 영등포구 국회대로62길 7 (여의도동),37.527616,126.9141694,여의도동
234,대일주유소,서울특별시 영등포구 당산동1가 5-3456번지 ,서울특별시 영등포구 영등포로 168 (당산동1가),37.5218444,126.8990113,당산동1가
235,도림주유소,서울특별시 영등포구 도림동 243-2번지 ,서울특별시 영등포구 도림로 343 (도림동),37.5082163,126.8927726,도림동
236,행촌주유소,서울특별시 영등포구 신길동 298-34번지 ,서울특별시 영등포구 도신로 130 (신길동),37.5085141,126.9039187,신길동
237,제2한강주유소,서울특별시 영등포구 양평동4가 28번지 ,서울특별시 영등포구 선유로 260 (양평동4가),37.5374942,126.8948203,양평동4가
238,신길주유소,서울특별시 영등포구 신길동 3632-2번지 ,서울특별시 영등포구 신길로 74 (신길동),37.4990184,126.9065894,신길동
239,SK네트웍스(주)영등포행복self주유소,서울특별시 영등포구 양평동1가 105번지 ,서울특별시 영등포구 선유로 114 (양평동1가),37.5246534,126.8887475,양평동1가
240,씨엔에스유통(주) 한성주유소,서울특별시 영등포구 신길동 1155번지 ,서울특별시 영등포구 여의대방로 227 (신길동),37.5081579,126.9080817,신길동
241,대지주유소,서울특별시 영등포구 당산동2가 45번지 ,서울특별시 영등포구 영등포로 115 (당산동2가),37.5231123,126.8900578,당산동2가
242,선익개발(주)영등포주유소,서울특별시 영등포구 영등포동1가 92-2번지 ,서울특별시 영등포구 경인로114길 2 (영등포동1가),37.51782,126.9116049,영등포동1가
243,에스제이오일(주)여의도주유소,서울특별시 영등포구 여의도동 10-1번지 ,서울특별시 영등포구 은행로 64 (여의도동),37.5303375,126.9233905,여의도동
244,화일주유소,서울특별시 영등포구 문래동2가 1번지 ,서울특별시 영등포구 도림로 415 (문래동2가),37.5142739,126.8916187,문래동2가
245,(주)대청에너지,서울특별시 영등포구 대림동 776-3번지 ,서울특별시 영등포구 가마산로 328 (대림동),37.4985562,126.8936019,대림동
246,원천주유소,서울특별시 성북구 장위동 75-604번지 ,서울특별시 성북구 돌곶이로 142 (장위동),37.614921,127.0505634,장위동
247,삼선주유소,서울특별시 성북구 삼선동1가 12-1번지 ,서울특별시 성북구 창경궁로 324 (삼선동1가),37.5879082,127.0033863,삼선동1가
248,(주)재건에너지 재정제2주유소 길음지점,서울특별시 성북구 길음동 1132-2번지 ,서울특별시 성북구 삼양로 78 (길음동),37.6102602,127.0205436,길음동
249,신방주유소,서울특별시 성북구 안암동5가 82-1번지 ,서울특별시 성북구 안암로 111 (안암동5가),37.5855042,127.0296093,안암동5가
250,한강주유소,서울특별시 강서구 가양동 26-1번지 ,,37.5674701,126.8481187,가양동
251,SK네트웍스(주) 장삼주유소,서울특별시 성북구 장위동 43-12번지 ,서울특별시 성북구 한천로 612 (장위동),37.613583,127.058013,장위동
252,이케이에너지 주식회사,서울특별시 성북구 보문동7가 137번지 ,서울특별시 성북구 보문로 27 (보문동7가),37.5805065,127.0202488,보문동7가
253,(주)성북주유소,서울특별시 성북구 보문동1가 9-3번지 ,서울특별시 성북구 보문로 142 (보문동1가),37.5856085,127.0149751,보문동1가
254,신명에너지(주)화랑로주유소,서울특별시 성북구 상월곡동 23-11번지 ,서울특별시 성북구 화랑로 174 (상월곡동),37.6055765,127.0478925,상월곡동
255,현대오일뱅크(주)직영 고대셀프주유소,서울특별시 성북구 종암동 30-24번지 ,서울특별시 성북구 종암로 12 (종암동),37.5916818,127.0344618,종암동
256,(주)원천석유 원천제1주유소,서울특별시 성북구 정릉동 401-15번지 ,서울특별시 성북구 보국문로 52 (정릉동),37.6091627,127.0078852,정릉동
257,(주)삼표에너지 정릉주유소,서울특별시 성북구 정릉동 404-4번지 ,서울특별시 성북구 보국문로 35 (정릉동),37.6135975,126.9954471,정릉동
258,SK에너지(주) 드림랜드주유소,서울특별시 성북구 장위동 219-43번지 ,서울특별시 성북구 월계로 128 (장위동),37.6165378,127.0392293,장위동
259,화랑주유소,서울특별시 성북구 상월곡동 23-94번지 ,서울특별시 성북구 화랑로 185 (상월곡동),37.6059895,127.047937,상월곡동
260,(주)신동방석유,서울특별시 성북구 장위동 231-198번지 ,서울특별시 성북구 월계로 84 (장위동),37.6134086,127.0359191,장위동
261,동일주유소,서울특별시 성북구 보문동5가 146-7번지 ,서울특별시 성북구 보문로 85 (보문동5가),37.58266,127.0169882,보문동5가
262,SK네트웍스(주) 아리랑주유소,서울특별시 성북구 정릉동 113-61번지 ,서울특별시 성북구 아리랑로 96 (정릉동),37.6004781,127.0120353,정릉동
263,장위주유소,서울특별시 성북구 하월곡동 18-11번지 ,서울특별시 성북구 화랑로 110  (하월곡동),37.6020649,127.0383868,하월곡동
264,세창주유소,서울특별시 성북구 길음동 21-72번지 ,서울특별시 성북구 동소문로47길 8 (길음동),37.6087865,127.0270334,길음동
265,케이알누리(주)종암주유소,서울특별시 성북구 종암동 3-545번지 ,서울특별시 성북구 종암로 145 (종암동),37.602751,127.0298332,종암동
266,SK네트웍스(주) 광덕주유소,서울특별시 성북구 보문동5가 146-1번지 ,서울특별시 성북구 보문로 89 (보문동5가),37.5826354,127.0171787,보문동5가
267,(주)중앙에너비스 종암지점,서울특별시 성북구 종암동 10-15번지 ,서울특별시 성북구 종암로 58 (종암동),37.5956106,127.0338347,종암동
268,SK네트웍스(주) 북악주유소,서울특별시 성북구 정릉동 428번지 ,서울특별시 성북구 정릉로 218 (정릉동),37.6054734,127.0063259,정릉동
269,효성주유소,서울특별시 성북구 하월곡동 67-50번지 효성주유소 ,서울특별시 성북구 화랑로 27 (하월곡동),37.6019231,127.0400149,하월곡동
270,(주)장수주유소,서울특별시 광진구 군자동 134-53번지 ,서울특별시 광진구 동일로 266 (군자동),37.5531544,127.064644,군자동
271,자양주유소,서울특별시 광진구 자양동 227-4번지 ,서울특별시 광진구 아차산로 298 (자양동),37.5365914,127.0643242,자양동
272,현대오일뱅크(주)직영 능동주유소,서울특별시 광진구 능동 236-4번지 236-5 236-24 ,서울특별시 광진구 천호대로 584 (능동),37.5365901,127.0490033,능동
273,평안주유소,서울특별시 광진구 능동 255-2번지 ,서울특별시 광진구 천호대로 630 (능동),37.5517842,127.0845544,능동
274,(주)태우동서울주유소,서울특별시 광진구 구의동 587-10번지 ,서울특별시 광진구 강변역로 10 (구의동),37.5377845,127.0890546,구의동
275,강평주유소,서울특별시 광진구 광장동 336-1번지 ,서울특별시 광진구 아차산로 616 (광장동),37.547686,127.0870176,광장동
276,태양주유소,서울특별시 광진구 중곡동 610-7번지 ,서울특별시 광진구 동일로 345 (중곡동),37.5698629,127.0788527,중곡동
277,대원주유소,서울특별시 광진구 중곡동 18-70번지 ,서울특별시 광진구 용마산로 122 (중곡동),37.5645204,127.0848542,중곡동
278,현대오일뱅크(주) 직영 중곡현대주유소,서울특별시 광진구 중곡동 186-6번지 ,서울특별시 광진구 동일로 435 (중곡동),37.5614928,127.0810122,중곡동
279,SK네트웍스(주)장호주유소,서울특별시 광진구 자양동 677-5번지 ,서울특별시 광진구 자양로 37 (자양동),37.5312222,127.0835665,자양동
280,용마주유소,서울특별시 광진구 중곡동 58-17번지 ,서울특별시 광진구 용마산로 68 (중곡동),37.5596944,127.0856703,중곡동
281,삼호주유소,서울특별시 광진구 광장동 239-6번지 ,서울특별시 광진구 천호대로 809 (광장동),37.5456366,127.1014832,광장동
282,SK네트웍스(주)대명주유소,서울특별시 광진구 화양동 302-13번지 ,서울특별시 광진구 광나루로 460 (화양동),37.5466205,127.0654437,화양동
283,구의스타주유소,서울특별시 광진구 자양동 779-7번지 ,서울특별시 광진구 자양로 103 (자양동),37.5369964,127.080932,자양동
284,현대오일뱅크(주) 직영 중원주유소,서울특별시 광진구 중곡동 235-2번지 ,서울특별시 광진구 동일로 398 (중곡동),37.5624069,127.0814164,중곡동
285,대성산업(주) 구의주유소,서울특별시 광진구 구의동 203-9번지 ,서울특별시 광진구 광나루로 570 (구의동),37.5436918,127.0903533,구의동
286,성일주유소,서울특별시 광진구 자양동 236-147번지 ,서울특별시 광진구 동일로 50 (자양동),37.5373592,127.0594479,자양동
287,일진주유소,서울특별시 광진구 중곡동 236-5번지 ,서울특별시 광진구 동일로 413 (중곡동),37.5613377,127.0802931,중곡동
288,동자동주유소,서울특별시 용산구 동자동 14-125번지 ,서울특별시 용산구 한강대로104길 6 (동자동),37.5502599,126.972042,동자동
289,수림석유 제3한강주유소,서울특별시 용산구 한남동 224번지 ,서울특별시 용산구 한남대로 45 (한남동 (43)?),37.533977,127.0062763,한남동
290,소월길주유소,서울특별시 용산구 후암동 448-103번지 ,서울특별시 용산구 소월로 66 (후암동),37.5480367,126.9817276,후암동
291,(주)신태성주유소,서울특별시 용산구 원효로3가 43-3번지 ,서울특별시 용산구 원효로 147 (원효로3가),37.5336965,126.9539232,원효로3가
292,용일주유소,서울특별시 용산구 한강로3가 40-15번지 ,서울특별시 용산구 한강대로 37 (한강로3가),37.5331076,126.9609181,한강로3가
293,(주)영원에너지 풍기주유소 (대표자:박종영),서울특별시 용산구 원효로2가 70-2번지 ,서울특별시 용산구 원효로 178 (원효로2가),37.5380246,126.9634909,원효로2가
294,용산뉴타운주유소,서울특별시 용산구 한강로3가 65-155번지 ,서울특별시 용산구 한강대로 48 (한강로3가),37.5258589,126.9628828,한강로3가
295,한석주유소,서울특별시 용산구 이촌동 302-79번지 ,서울특별시 용산구 이촌로 166 (이촌동),37.5214212,126.9631908,이촌동
296,(주)중앙에너비스 에너비스,서울특별시 용산구 한남동 707-14번지 ,서울특별시 용산구 한남대로 82 (한남동),37.5359518,127.0039409,한남동
297,(주)남경주유소,서울특별시 용산구 서빙고동 37번지 ,서울특별시 용산구 녹사평대로11길 24 (서빙고동),37.5222071,126.9910479,서빙고동
298,SK네트웍스(주) 강변주유소,서울특별시 용산구 청암동 168-22번지 ,서울특별시 용산구 원효로 9 (청암동),37.5346046,126.9465899,청암동
299,SK네트웍스(주) 흥국주유소,서울특별시 용산구 한남동 726-370번지 ,서울특별시 용산구 한남대로 204 (한남동),37.5459042,127.0006696,한남동
300,(주)중앙에너비스 한남지점,서울특별시 용산구 한남동 704-14번지 ,서울특별시 용산구 한남대로21길 4 (한남동),37.5346573,127.0038744,한남동
301,SK네트웍스(주) 갈월동주유소,서울특별시 용산구 갈월동 11-34번지 ,서울특별시 용산구 한강대로 322 (갈월동),37.546578,126.9699073,갈월동
302,서계주유소,서울특별시 용산구 서계동 47-15번지 ,서울특별시 용산구 청파로 367 (서계동),37.552314,126.9667823,서계동
303,약수주유소,서울특별시 중구 신당동 336-5번지 ,서울특별시 중구 다산로 173 (신당동),37.5590093,127.0104744,신당동
304,SK네트웍스(주)통일주유소,서울특별시 중구 장충동2가 186-69번지 ,서울특별시 중구 동호로 296 (장충동2가),37.5607136,127.0009884,장충동2가
305,세화주유소,서울특별시 중구 신당동 741번지 ,서울특별시 중구 왕십리로 403 (신당동),37.5647176,127.0232951,신당동
306,(주)중앙에너비스 퇴계로지점,서울특별시 중구 필동2가 51-1번지 ,서울특별시 중구 퇴계로 228 (필동2가),37.5605087,126.9936171,필동2가
307,서울석유(주)직영 장충동주유소,서울특별시 중구 장충동1가 31-1번지 ,서울특별시 중구 장충단로 202 (장충동1가),37.5605087,126.9936171,장충동1가
308,현대오일뱅크(주)장원주유소,서울특별시 중구 신당동 357-6번지 ,서울특별시 중구 동호로 203 (신당동),37.5559993,127.0070746,신당동
309,초동주유소,서울특별시 중구 초동 107-12번지 ,서울특별시 중구 마른내로 31 (초동),37.5641784,126.9905161,초동
310,에스씨(주) 역전주유소,서울특별시 중구 남대문로5가 84-17번지 ,서울특별시 중구 퇴계로 15 (남대문로5가),37.5595182,126.9727093,남대문로5가
311,필동주유소,서울특별시 중구 필동2가 3-1번지 ,서울특별시 중구 퇴계로 196 (필동2가),37.5605385,126.9935035,필동2가
312,서남주유소,서울특별시 중구 봉래동1가 126-2번지 ,서울특별시 중구 통일로 30 (봉래동1가),37.5608042,126.9661932,봉래동1가
313,(주)그린에너지컴퍼니 화성주유소,서울특별시 중구 무학동 12-2번지 ,서울특별시 중구 다산로 233 (무학동),37.5638911,127.0134877,무학동
314,신당동주유소,서울특별시 중구 신당동 101-9번지 ,서울특별시 중구 다산로 242 (신당동),37.5645746,127.0143095,신당동
315,에쓰-오일(주) 스카이주유소,서울특별시 강서구 방화동 523-22번지 ,서울특별시 강서구 개화동로 457 (방화동),37.5714819,126.8021789,방화동
316,등촌주유소,서울특별시 강서구 등촌동 511-5번지 ,서울특별시 강서구 등촌로 189 (등촌동),37.5467865,126.8603459,등촌동
317,SK에너지(주)가양주유소,서울특별시 강서구 가양동 151-1번지 ,서울특별시 강서구 강서로 498 (가양동),37.5698166,126.8397546,가양동
318,SK네트웍스(주) 해바라기주유소,서울특별시 강서구 화곡동 20-1번지 ,서울특별시 강서구 화곡로 273 (화곡동),37.5492376,126.8447628,화곡동
319,주식회사 유턴상사유턴주유소,서울특별시 강서구 공항동 61-222번지 ,서울특별시 강서구 남부순환로 57 (공항동),37.5571443,126.8078248,공항동
320,SK글로벌(주),서울특별시 강서구 가양동 281-1번지 ,,37.5693966,126.8367104,가양동
321,지에스칼텍스저유(주)개화주유소,서울특별시 강서구 방화동 488-1번지 ,,37.573448,126.8078903,방화동
322,방화주유소,서울특별시 강서구 방화동 609-59번지 ,서울특별시 강서구 방화동로 58-2 (방화동),37.5655711,126.810198,방화동
323,현대오일뱅크(주) 직영 양화교주유소,서울특별시 강서구 염창동 283-4번지 ,서울특별시 강서구 공항대로 653 (염창동),37.5485295,126.8684945,염창동
324,현대오일뱅크(주) 직영 가양주유소,서울특별시 강서구 가양동 58-2번지 ,서울특별시 강서구 양천로 391 (가양동),37.5633113,126.8320713,가양동
325,우장산주유소,서울특별시 강서구 내발산동 702-5번지 ,서울특별시 강서구 강서로 292 (내발산동),37.550845,126.8347462,내발산동
326,대복주유소,서울특별시 강서구 염창동 252-14번지 ,,37.5497329,126.8733268,염창동
327,강서열린점,서울특별시 강서구 등촌동 510-13번지 ,서울특별시 강서구 등촌로 213 (등촌동),37.5486873,126.8608636,등촌동
328,청룡주유소,서울특별시 강서구 등촌동 631-7번지 ,서울특별시 강서구 양천로 576 (등촌동),37.5368333,126.8589888,등촌동
329,화곡역주유소,서울특별시 강서구 화곡동 1076-14번지 ,서울특별시 강서구 강서로 154 (화곡동),37.5406569,126.8393175,화곡동
330,염창동주유소,서울특별시 강서구 염창동 263-8번지 ,서울특별시 강서구 양천로 720 (염창동),37.5562503,126.8637037,염창동
331,(주)한진 김포공항주유소,서울특별시 강서구 외발산동 423-2번지 ,서울특별시 강서구 하늘길 259 (외발산동),37.5586545,126.7922852,외발산동
332,경인고속주유소,서울특별시 강서구 화곡동 843-4번지 ,서울특별시 강서구 국회대로 225 (화곡동),37.5296048,126.8576347,화곡동
333,개화주유소,서울특별시 강서구 방화동 488-1번지 ,서울특별시 강서구 양천로 57 (방화동),37.5698548,126.8181331,방화동
334,KH에너지(주)직영 수명산주유소,서울특별시 강서구 내발산동 755-2번지 ,서울특별시 강서구 남부순환로 195 (내발산동),37.5519099,126.8189287,내발산동
335,대성석유(주) 관문주유소,서울특별시 강서구 내발산동 648-3번지 ,서울특별시 강서구 공항대로 314 (내발산동),37.5578164,126.8401412,내발산동
336,(주)발산주유소,서울특별시 강서구 내발산동 701-7번지 ,서울특별시 강서구 강서로 291 (내발산동),37.5528982,126.8158746,내발산동
337,SK네트웍스(주)직영 에어포트주유소,서울특별시 강서구 방화동 645-6번지 ,서울특별시 강서구 개화동로 519 (방화동),37.5662599,126.8038969,방화동
338,대성주유소,서울특별시 강서구 등촌동 684번지 ,서울특별시 강서구 강서로 472 (등촌동),37.5674836,126.8391784,등촌동
339,화곡현대주유소,서울특별시 강서구 화곡동 402-1번지 ,서울특별시 강서구 강서로 151 (화곡동),37.5401974,126.8389524,화곡동
340,진일주유소,서울특별시 강서구 염창동 274-18번지 ,서울특별시 강서구 공항대로 533 (염창동),37.5499533,126.8673412,염창동
341,뉴신정주유소,서울특별시 강서구 화곡동 862-16번지 ,서울특별시 강서구 곰달래로 207 (화곡동),37.5315539,126.8538352,화곡동
342,세원제1주유소,서울특별시 강서구 가양동 272-31번지 ,서울특별시 강서구 양천로 311 (가양동),37.5674371,126.8466692,가양동
343,서울석유(주)강서오곡셀프주유소,서울특별시 강서구 오곡동 594-1번지 ,서울특별시 강서구 벌말로 254 (오곡동),37.5552839,126.7663787,오곡동
344,참솔에너지,서울특별시 강서구 오곡동 699-19번지 ,서울특별시 강서구 벌말로 281 (오곡동),37.5552839,126.7663787,오곡동
345,대림에너지(주)덕양제6주유소,서울특별시 강서구 개화동 565-4번지 외 2필지(565-6 567-11) ,서울특별시 강서구 개화동로 420 (개화동),37.5706795,126.7948821,개화동
346,신화곡주유소,서울특별시 강서구 화곡동 931-11번지 ,서울특별시 강서구 국회대로 71 (화곡동),37.5272351,126.8406882,화곡동
347,(주)한진 김포공항 제2주유소,서울특별시 강서구 공항동 1373번지 ,서울특별시 강서구 하늘길 112 (공항동),37.555525,126.804513,공항동
348,목화주유소,서울특별시 강서구 화곡동 785-2번지 ,서울특별시 강서구 국회대로 251 (화곡동),37.5300058,126.8607264,화곡동
349,대성석유(주) 마곡대성주유소,서울특별시 강서구 마곡동 784-1번지 ,서울특별시 강서구 강서로 457 (마곡동),37.5745267,126.8143683,마곡동
350,대성석유(주)방화대성주유소,서울특별시 강서구 마곡동 752번지 ,서울특별시 강서구 양천로 176 (마곡동),37.5745267,126.8143683,마곡동
351,소망주유소,서울특별시 중랑구 망우동 147-23번지 ,서울특별시 중랑구 망우로 475 (망우동),37.600817,127.1026155,망우동
352,용마로주유소,서울특별시 중랑구 면목동 528번지 19통4반 ,서울특별시 중랑구 용마산로 309 (면목동),37.5798731,127.089971,면목동
353,신내주유소,서울특별시 중랑구 신내동 352번지 ,서울특별시 중랑구 용마산로 705 (신내동),37.6141201,127.0987273,신내동
354,대원주유소,서울특별시 중랑구 면목동 161-17번지 ,서울특별시 중랑구 동일로 600 (면목동),37.583895,127.0779443,면목동
355,SK네트웍스(주) 중랑교주유소,서울특별시 중랑구 중화동 207-22번지 ,서울특별시 중랑구 망우로 229 (중화동),37.6037812,127.0804051,중화동
356,오천만주유소,서울특별시 중랑구 면목동 169-0003번지 ,서울특별시 중랑구 동일로 547 (면목동),37.5788373,127.0771212,면목동
357,SK네트웍스(주) 상봉주유소,서울특별시 중랑구 망우동 490-8번지 ,서울특별시 중랑구 망우로 400 (망우동),37.5986522,127.0945127,망우동
358,대양주유소,서울특별시 중랑구 상봉동 109-45번지 ,서울특별시 중랑구 봉우재로 105 (상봉동),37.5986518,127.0879466,상봉동
359,구도일주유소 동천,서울특별시 중랑구 면목동 155-57번지 ,서울특별시 중랑구 동일로 654 (면목동),37.5888677,127.0780462,면목동
360,면목주유소,서울특별시 중랑구 면목동 175-1번지 ,서울특별시 중랑구 동일로 627 (면목동),37.5863022,127.0773237,면목동
361,구도일주유소 한인,서울특별시 중랑구 상봉동 137-8번지 ,서울특별시 중랑구 망우로 170 (상봉동),37.5924108,127.0696673,상봉동
362,(주)정원EDS 망우주유소,서울특별시 중랑구 상봉동 100 160-6 ,서울특별시 중랑구 망우로 311 (상봉동),37.5970729,127.084819,상봉동
363,현대오일뱅크(주)직영 대창주유소,서울특별시 중랑구 면목동 146-72번지 ,서울특별시 중랑구 동일로 636 (면목동),37.58717,127.0780286,면목동
364,(주)기지에너지,서울특별시 중랑구 신내동 347-2번지 ,서울특별시 중랑구 용마산로 716 (신내동),37.6147043,127.0997091,신내동
365,유성주유소,서울특별시 중랑구 망우동 359-2번지 ,서울특별시 중랑구 망우로 436 (망우동),37.5993235,127.098526,망우동
366,우림주유소,서울특별시 중랑구 망우동 458-6번지 ,서울특별시 중랑구 용마산로 487 (망우동),37.6001716,127.0972564,망우동
367,재원에너지(주) 범아주유소,서울특별시 중랑구 묵동 244-151번지 ,서울특별시 중랑구 동일로 881 (묵동),37.609176,127.0754732,묵동
368,좋은기름주유소,서울특별시 강북구 번동 436-38번지 ,서울특별시 강북구 덕릉로 158 (번동),37.6349074,127.0291114,번동
369,동원주유소,서울특별시 강북구 수유동 472-211번지 212 ,서울특별시 강북구 삼양로 316 (수유동),37.6315821,127.0157508,수유동
370,현대오일뱅크(주)직영 번동셀프주유소,서울특별시 강북구 번동 410-94번지 95 ,서울특별시 강북구 한천로 963 (번동),37.6315808,127.0004299,번동
371,수유동주유소,서울특별시 강북구 수유동 168-3번지 ,서울특별시 강북구 도봉로 395 (수유동),37.6421401,127.0273791,수유동
372,에덴주유소,서울특별시 강북구 번동 112번지 ,서울특별시 강북구 월계로 195 (번동),37.6216682,127.0433333,번동
373,세원주유소,서울특별시 강북구 번동 428-38번지 ,서울특별시 강북구 한천로 918 (번동),37.6320834,127.0365786,번동
374,북서울고속주유소,서울특별시 강북구 수유동 392번지 ,서울특별시 강북구 삼양로 410 (수유동),37.6401555,127.0150147,수유동
375,새한주유소,서울특별시 강북구 미아동 62-7번지 ,서울특별시 강북구 도봉로 75 (미아동),37.633787,127.0229297,미아동
376,주식회사 지에스이앤알 미아주유소,서울특별시 강북구 미아동 135-13번지 ,서울특별시 강북구 도봉로 124 (미아동),37.6257588,127.026534,미아동
377,매일주유소,서울특별시 강북구 미아동 746-3번지 879-5 ,서울특별시 강북구 삼양로 217 (미아동),37.6264976,127.0165587,미아동
378,대성석유(주)신광주유소,서울특별시 강북구 수유동 277-20번지 ,서울특별시 강북구 삼양로 484  (수유동),37.6463707,127.0131583,수유동
379,(주)에프알앤디 송정주유소,서울특별시 강북구 수유동 440-36번지 ,서울특별시 강북구 인수봉로 185 (수유동),37.6361659,127.0106021,수유동
380,현대주유소,서울특별시 강북구 미아동 197-14번지 외 1필지 ,서울특별시 강북구 도봉로 200 (미아동),37.6241675,127.0225719,미아동
383,(주)양지주유소,서울특별시 마포구 도화동 174-1번지 ,서울특별시 마포구 마포대로 69 (도화동),37.5376496,126.9442084,도화동
384,양지주유소,서울특별시 마포구 도화동 174-1번지 ,서울특별시 마포구 마포대로 69 (도화동),37.5376496,126.9442084,도화동
385,SK네트윅스(주)합정주유소,서울특별시 마포구 합정동 382-20번지 ,서울특별시 마포구 양화로 13 (합정동),37.5487581,126.9083215,합정동
386,기분좋은주유소,서울특별시 마포구 성산동 228-7번지 ,서울특별시 마포구 월드컵북로 62 (성산동),37.5634142,126.9096769,성산동
387,SK네트웍스(주)성산대교주유소,서울특별시 마포구 성산동 275-56번지 ,서울특별시 마포구 성산로 144 (성산동),37.5643058,126.9072881,성산동
388,대흥주유소,서울특별시 마포구 대흥동 337-30번지 ,서울특별시 마포구 대흥로 61 (대흥동),37.5459142,126.9376949,대흥동
389,Happy Auto Station,서울특별시 마포구 창전동 13-6번지 13-44 13-15 ,서울특별시 마포구 서강로 76 (창전동),37.5497919,126.9304515,창전동
390,청원주유소,서울특별시 마포구 성산동 103-8번지 ,서울특별시 마포구 월드컵북로 113 (성산동),37.5585832,126.9148087,성산동
391,(주)안국에너지 망원동주유소,서울특별시 마포구 망원동 481-3번지 ,서울특별시 마포구 월드컵로 119 (망원동),37.5551898,126.9055071,망원동
392,현대오일뱅크(주)직영 청원제일주유소,서울특별시 마포구 동교동 156-4번지 ,서울특별시 마포구 양화로 171 (동교동),37.5574548,126.924347,동교동
393,(주)승지,서울특별시 마포구 염리동 155-6번지 ,서울특별시 마포구 백범로 126 (염리동),37.5530421,126.9458364,염리동
394,안국주유소,서울특별시 마포구 합정동 383-4번지 ,서울특별시 마포구 양화로 33 (합정동),37.5492628,126.9103886,합정동
395,마포주유소,서울특별시 마포구 공덕동 105-128번지 ,서울특별시 마포구 마포대로 186 (공덕동),37.5492878,126.9498218,공덕동
396,그린에너지컴퍼니 용강주유소,서울특별시 마포구 용강동 494-52번지 ,서울특별시 마포구 토정로 258 (용강동),37.5421805,126.9394516,용강동
397,성산주유소,서울특별시 마포구 성산동 200-4번지 ,서울특별시 마포구 월드컵북로 170 (성산동),37.5664732,126.9058687,성산동
398,한독주유소,서울특별시 서초구 방배동 810-21번지 810-22호 ,서울특별시 서초구 방배로 214 (방배동),37.4924995,126.9889205,방배동
399,(주)대신성에너지,서울특별시 서초구 방배동 936-12번지 ,서울특별시 서초구 방배로 151 (방배동),37.4871446,126.9913592,방배동
400,에쓰-오일(주)오토테크주유소,서울특별시 서초구 서초동 1438-2번지 ,서울특별시 서초구 효령로 356 (서초동),37.4864534,127.0208628,서초동
401,SK네트웍스(주)사평로주유소,서울특별시 서초구 서초동 1302번지 ,서울특별시 서초구 사평대로 350 (서초동),37.503247,127.019314,서초동
402,대성석유(주)연일주유소,서울특별시 서초구 서초동 1426-13번지 ,서울특별시 서초구 남부순환로 2451 (서초동),37.4825475,127.016314,서초동
403,내곡주유소,서울특별시 서초구 내곡동 142-3번지 ,서울특별시 서초구 헌릉로 210 (내곡동),37.4552837,127.060636,내곡동
404,(주)대농석유 남태령주유소,서울특별시 서초구 방배동 2833번지 ,서울특별시 서초구 과천대로 838 (방배동),37.46678,126.9857698,방배동
405,헌릉로주유소,서울특별시 서초구 내곡동 338-1번지 ,서울특별시 서초구 헌릉로 177 (내곡동),37.4574054,127.0579917,내곡동
406,반포그린주유소,서울특별시 서초구 반포동 56-2번지 ,서울특별시 서초구 서초중앙로 239 (반포동),37.5030662,127.0087573,반포동
407,현대오일뱅크(주)직영양재현대주유소,서울특별시 서초구 양재동 249-1번지 ,서울특별시 서초구 마방로 6 (양재동),37.4750483,127.0400316,양재동
408,SK네트웍스(주)전당앞주유소,서울특별시 서초구 서초동 1464-18번지 ,서울특별시 서초구 남부순환로 2391 (서초동),37.480541,127.0097361,서초동
409,서초꽃마을주유소,서울특별시 서초구 서초동 1536-15번지 ,서울특별시 서초구 반포대로 69 (서초동),37.4864212,127.0076799,서초동
410,현대오일뱅크(주) 직영방배현대주유소,서울특별시 서초구 방배동 782-23번지 ,서울특별시 서초구 동작대로 182 (방배동),37.4927581,126.9810385,방배동
411,서울주유소,서울특별시 서초구 서초동 1577-12번지 ,서울특별시 서초구 서초중앙로 91 (서초동),37.4898918,127.0118587,서초동
412,(주)농협유통하나로주유소,서울특별시 서초구 양재동 229번지 ,서울특별시 서초구 헌릉로 48 (양재동),37.4620221,127.0447853,양재동
413,만국주유소,서울특별시 서초구 방배동 945-7번지 ,서울특별시 서초구 서초대로 52 (방배동),37.4925599,127.0125466,방배동
414,한마음주유소,서울특별시 서초구 서초동 1439-2번지 ,서울특별시 서초구 효령로 346 (서초동),37.4862714,127.0196677,서초동
415,방배동주유소,서울특별시 서초구 방배동 475-17번지 ,서울특별시 서초구 효령로 29 (방배동),37.4814453,126.9874285,방배동
416,(주)동원석유지점 강남대로 주유소,서울특별시 서초구 양재동 14-1번지 ,서울특별시 서초구 강남대로 206 (양재동),37.4659741,127.03345,양재동
417,양재최고주유소,서울특별시 서초구 양재동 203번지 ,서울특별시 서초구 매헌로 72 (양재동),37.4670964,127.0325165,양재동
418,크로바주유소,서울특별시 서초구 서초동 1604-21번지 ,서울특별시 서초구 효령로 327 (서초동),37.4862853,127.0176412,서초동
419,현대오일뱅크(주)직영서초현대주유소,서울특별시 서초구 서초동 1460-21번지 ,서울특별시 서초구 반포대로 33 (서초동),37.4833499,127.0091349,서초동
420,선천주유소,서울특별시 서초구 방배동 765-8번지 ,서울특별시 서초구 동작대로 206 (방배동),37.4948943,126.9810118,방배동
421,SK네트웍스(주) 서초제일주유소,서울특별시 서초구 서초동 1632-1번지 ,서울특별시 서초구 사임당로 116 (서초동),37.4904892,127.0204201,서초동
422,(주)에이치앤디이 서울만남의광장주유소,서울특별시 서초구 원지동 10-16번지 외 7필지 ,서울특별시 서초구 양재대로12길 73-71 (원지동),37.4599063,127.0398714,원지동
423,선우상사 Q엔느,서울특별시 서초구 방배동 983-40번지 ,서울특별시 서초구 방배로 66 (방배동),37.4806533,126.996316,방배동
424,말죽거리주유소,서울특별시 서초구 양재동 2-39번지 ,서울특별시 서초구 남부순환로 2650 (양재동),37.4851407,127.038465,양재동
425,중앙주유소,서울특별시 서초구 양재동 4-18번지 ,서울특별시 서초구 바우뫼로 219 (양재동),37.4815383,127.0400239,양재동
426,현대오일뱅크(주) 팔레스주유소,서울특별시 서초구 반포동 67-2번지 ,서울특별시 서초구 사평대로 136 (반포동),37.5000819,126.9969851,반포동
427,터미널주유소,서울특별시 서초구 반포동 19-6번지 ,서울특별시 서초구 신반포로 222 (반포동),37.5067869,127.0065219,반포동
428,강남주유소,서울특별시 서초구 반포동 19-2번지 ,서울특별시 서초구 반포대로 284 (반포동),37.5046023,126.9996211,반포동
429,경일석유(주)직영삼방주유소,서울특별시 서초구 서초동 1303-1번지 ,서울특별시 서초구 사평대로 364 (서초동),37.5036708,127.020988,서초동
430,신반포주유소,서울특별시 서초구 반포동 111-2번지 ,서울특별시 서초구 사평대로 94 (반포동),37.4983258,126.9927449,반포동
431,SK네트웍스(주) 반포주유소,서울특별시 서초구 방배동 750-20번지 ,서울특별시 서초구 사평대로 12 (방배동),37.4967274,126.985301,방배동
432,대신석유(주) 서원주유소,서울특별시 서초구 서초동 1719-1번지 ,서울특별시 서초구 반포대로 142 (서초동),37.4927077,127.0054189,서초동
433,남서울주유소,서울특별시 서초구 잠원동 13-6번지 ,서울특별시 서초구 나루터로 83 (잠원동),37.5161162,127.0166573,잠원동
434,대신석유(주) 대우주유소,서울특별시 서초구 양재동 216번지 ,서울특별시 서초구 양재대로 173 (양재동),37.4628387,127.0352526,양재동
435,태봉주유소,서울특별시 서초구 우면동 13-6번지 ,서울특별시 서초구 태봉로 117 (우면동),37.4682684,127.0259978,우면동
436,서울석유(주)양재주유소,서울특별시 서초구 양재동 81번지 ,서울특별시 서초구 바우뫼로 178 (양재동),37.4780706,127.0374213,양재동
437,서초주유소,서울특별시 서초구 서초동 1582-23번지 ,서울특별시 서초구 반포대로 64 (서초동),37.4861448,127.0085734,서초동
438,(주)홈런주유소,서울특별시 서초구 우면동 761번지 ,서울특별시 서초구 양재대로2길 100-30 (우면동),37.4583269,127.020042,우면동
439,마포시엠주유소,서울특별시 마포구 성산동 228-7번지 마포시엠주유소 ,서울특별시 마포구 월드컵북로 62 (성산동),37.5634142,126.9096769,성산동
440,에스제이에너지(주)개포주유소,서울특별시 강남구 개포동 1164-2번지 ,서울특별시 강남구 양재대로 339 (개포동),37.4723322,127.0495146,개포동
441,(주)비자인터내셔날학여울주유소,서울특별시 강남구 대치동 2-7번지 ,서울특별시 강남구 남부순환로 2170 (대치동),37.4986582,127.0473274,대치동
442,대교주유소,서울특별시 강남구 신사동 503-1번지 ,서울특별시 강남구 강남대로 640 (신사동),37.5280898,127.0333444,신사동
443,(주)현대오일뱅크(주)직영신사현대주유소,서울특별시 강남구 신사동 563-10번지 ,서울특별시 강남구 도산대로 163 (신사동),37.5193192,127.0241663,신사동
444,은마주유소,서울특별시 강남구 대치동 994번지 ,서울특별시 강남구 영동대로 235 (대치동),37.5000267,127.0649888,대치동
445,현대오일뱅크(주)직영 유진주유소,서울특별시 강남구 도곡동 515-2번지 ,서울특별시 강남구 논현로 152 (도곡동),37.4886968,127.0431021,도곡동
446,(주) 남경석유 세영주유소,서울특별시 송파구 오금동 129-6번지 ,서울특별시 송파구 동남로 298 (오금동),37.5018413,127.1357783,오금동
447,(주)잠실에너지 명품주유소,서울특별시 강남구 역삼동 785-17번지 외2필지 ,서울특별시 강남구 도곡로 249 (역삼동외2필지),37.494102,127.0432933,역삼동
448,(주)청명주유소,서울특별시 강남구 역삼동 734-15번지 ,서울특별시 강남구 역삼로 205 (역삼동),37.4963518,127.0373863,역삼동
449,(주)중앙에너비스 수서지점,서울특별시 강남구 수서동 522-1번지 ,서울특별시 강남구 광평로 202 (수서동),37.4839933,127.0927889,수서동
450,방죽주유소,서울특별시 강남구 율현동 240번지 ,서울특별시 강남구 밤고개로 215 (율현동),37.4749397,127.1046629,율현동
451,논현동주유소,서울특별시 강남구 논현동 89-11번지 ,서울특별시 강남구 학동로 229 (논현동),37.5152481,127.031805,논현동
452,(주)소모에너지엔테크놀러지 쎈트럴주유소,서울특별시 강남구 대치동 913-18번지 ,서울특별시 강남구 삼성로 335 (대치동),37.50135,127.0568303,대치동
453,(주)보성세곡주유소,서울특별시 강남구 세곡동 21-13번지 ,서울특별시 강남구 헌릉로 731 (세곡동),37.4672103,127.1165241,세곡동
454,경원주유소,서울특별시 강남구 청담동 3-6번지 ,서울특별시 강남구 도산대로 428 (청담동),37.5232547,127.0405316,청담동
455,에스케이네트웍스(주)매봉주유소,서울특별시 강남구 역삼동 784-7번지 ,서울특별시 강남구 언주로 307 (역삼동),37.4953855,127.0440243,역삼동
456,갤러리아주유소,서울특별시 강남구 청담동 79-14번지 ,서울특별시 강남구 압구정로 426 (청담동),37.5266815,127.0413262,청담동
457,주성주유소,서울특별시 강남구 청담동 132-9번지 ,서울특별시 강남구 영동대로 716 (청담동),37.5230136,127.0452613,청담동
458,주식회사 만정에너지,서울특별시 강남구 삼성동 38-21번지 ,서울특별시 강남구 봉은사로 433 (삼성동),37.5115134,127.0449041,삼성동
459,대동석유 압구정주유소,서울특별시 강남구 신사동 633번지 ,서울특별시 강남구 언주로 842 (신사동),37.5115121,127.0295832,신사동
460,에스케이네트웍스(주)뉴서울주유소,서울특별시 강남구 논현동 106-4번지 ,서울특별시 강남구 언주로 716 (논현동),37.5190076,127.0257972,논현동
461,SK네트웍스(주)동우주유소,서울특별시 강남구 논현동 277-23번지 ,서울특별시 강남구 봉은사로 311 (논현동),37.5170616,127.0243055,논현동
462,SK네트웍스(주)삼성주유소,서울특별시 강남구 삼성동 128-17번지 ,서울특별시 강남구 삼성로 521 (삼성동),37.5179667,127.0488232,삼성동
463,지에스타워주유소,서울특별시 강남구 역삼동 668-13번지 ,서울특별시 강남구 논현로 516 (역삼동),37.5015391,127.0339541,역삼동
464,제이에이치에너지(주) 개나리주유소,서울특별시 강남구 역삼동 721-20번지 외2필지 ,서울특별시 강남구 언주로 423 (역삼동),37.5010288,127.040014,역삼동
465,서광주유소,서울특별시 강남구 역삼동 834-47번지 ,서울특별시 강남구 역삼로 142 (역삼동),37.4943462,127.0328772,역삼동
466,대청주유소,서울특별시 강남구 일원동 624-8번지 ,서울특별시 강남구 개포로 654 (일원동),37.494874,127.0820839,일원동
467,(주)한진도곡주유소,서울특별시 강남구 도곡동 546-3번지 ,서울특별시 강남구 도곡로 162 (도곡동),37.4877835,127.0444876,도곡동
468,SK네트웍스(주)금성주유소,서울특별시 강남구 삼성동 169-17번지 ,서울특별시 강남구 테헤란로 619 (삼성동),37.5098777,127.0629128,삼성동
469,(주)에스에스모터스 논현주유소 지점,서울특별시 강남구 논현동 8-11번지 ,서울특별시 강남구 논현로 747 (논현동),37.5174782,127.0273001,논현동
470,지에스칼텍스(주)역삼주유소,서울특별시 강남구 역삼동 726-13번지 ,서울특별시 강남구 논현로 426 (역삼동),37.5012103,127.0246572,역삼동
471,SK네트웍스(주)진달래주유소,서울특별시 강남구 도곡동 543-2번지 SK 진달래주유소 ,서울특별시 강남구 도곡로 208 (도곡동),37.4884422,127.0262692,도곡동
472,SK네트웍스(주)오천주유소,서울특별시 강남구 삼성동 71-9번지 ,서울특별시 강남구 봉은사로 503 (삼성동),37.5134585,127.0515973,삼성동
473,일원주유소,서울특별시 강남구 일원동 645-13번지 ,서울특별시 강남구 양재대로55길 3 (일원동),37.4910205,127.0856173,일원동
474,대성석유(주) 동호주유소,서울특별시 강남구 삼성동 97-1번지 ,서울특별시 강남구 봉은사로113길 51 (삼성동),37.5184855,127.0624717,삼성동
475,(주)새서울 주유소,서울특별시 강남구 신사동 575-1번지 ,서울특별시 강남구 압구정로 154 (신사동),37.5257812,127.0243279,신사동
476,동일석유(주)직영 남부주유소,서울특별시 강남구 개포동 167-9번지 ,서울특별시 강남구 선릉로 34 (개포동),37.4794559,127.0635384,개포동
477,현대오일뱅크(주)직영 한양주유소,서울특별시 강남구 신사동 638번지 ,서울특별시 강남구 압구정로 302 (신사동),37.5287714,127.0319576,신사동
478,삼성로주유소,서울특별시 강남구 역삼동 679번지 ,서울특별시 강남구 삼성로 563 (삼성동),37.5079601,127.0520252,역삼동
479,오일프러스주유소,서울특별시 강남구 도곡동 910-2번지 ,서울특별시 강남구 남부순환로 2651 (도곡동),37.4884422,127.0262692,도곡동
480,(주)동하석유힐탑주유소,서울특별시 강남구 논현동 221-15번지 ,서울특별시 강남구 논현로 640 (논현동),37.5122452,127.0315545,논현동
481,자곡셀프주유소,서울특별시 강남구 자곡동 210번지 ,서울특별시 강남구 밤고개로 120 (자곡동),37.4835321,127.1017915,자곡동
482,(주)정원이디에쓰 산성셀프주유소,서울특별시 강남구 세곡동 20-8번지 ,서울특별시 강남구 헌릉로 730 (세곡동),37.4664775,127.1168504,세곡동
484,삼영주유소,서울특별시 동대문구 장안동 387-1번지 ,서울특별시 동대문구 답십리로 258 (장안동),37.5722468,127.0666313,장안동
485,열린주유소,서울특별시 동대문구 휘경동 43-79번지 85 ,서울특별시 동대문구 한천로 263 (휘경동),37.5821607,127.0669324,휘경동
486,(주)재건에너지 재정제2주유소,서울특별시 동대문구 전농동 295-12번지 ,,37.575785,127.053447,전농동
487,삼미상사(주) 장안킹셀프주유소,서울특별시 동대문구 장안동 164-2번지 ,서울특별시 동대문구 한천로 100 (장안동),37.5789822,127.0674452,장안동
488,한영주유소,서울특별시 동대문구 휘경동 317-87번지 한영오일뱅크 ,서울특별시 동대문구 망우로 38 한영오일뱅크 (휘경동),37.5883669,127.0551614,휘경동
489,신성주유소,서울특별시 동대문구 장안동 430-8번지 ,,37.5641414,127.0638186,장안동
490,배봉로주유소,서울특별시 동대문구 전농동 581-24번지 67 ,,37.580007,127.0488673,전농동
491,(주)에프알앤디 답십리주유소,서울특별시 동대문구 답십리동 3-39번지 ,서울특별시 동대문구 답십리로 223 (답십리동),37.5729331,127.062827,답십리동
492,웰컴주유소,서울특별시 동대문구 이문동 97-7번지 15 ,서울특별시 동대문구 한천로 414 (이문동),37.5928021,127.0569495,이문동
493,재원에너지(주) 용일주유소,서울특별시 동대문구 용두동 729-2번지 ,,37.5813821,127.0258926,용두동
494,능주주유소,서울특별시 동대문구 신설동 92-67번지 ,서울특별시 동대문구 청계천로 431 (신설동),37.5715966,127.023021,신설동
495,동일석유(주) 강남주유소,서울특별시 동대문구 전농동 295-478번지 ,서울특별시 동대문구 사가정로 103 (전농동),37.5769955,127.0542842,전농동
496,오동나무주유소,서울특별시 동대문구 답십리동 2-51번지 ,서울특별시 동대문구 한천로 81 (답십리동),37.5700808,127.0590183,답십리동
497,대성산업(주) 동마장주유소,서울특별시 동대문구 용두동 40-9번지 ,서울특별시 동대문구 고산자로 405 (용두동),37.5757034,127.0354228,용두동
498,풍한주유소,서울특별시 동대문구 제기동 136-237번지 ,서울특별시 동대문구 안암로 168 (제기동),37.5891723,127.0337898,제기동
499,재정주유소,서울특별시 동대문구 전농동 26-5번지 ,서울특별시 동대문구 전농로 121 (전농동),37.5756532,127.0552238,전농동
500,(주)홍릉주유소,서울특별시 동대문구 청량리동 205-86번지 ,서울특별시 동대문구 홍릉로 87 (청량리동),37.5880321,127.0403797,청량리동
501,대성산업(주) 청량리주유소,서울특별시 동대문구 청량리동 18-46번지 ,서울특별시 동대문구 왕산로 289 (청량리동),37.5813765,127.0428686,청량리동
502,(주) 파랑에너지,서울특별시 동대문구 휘경동 34-10번지 ,서울특별시 동대문구 망우로 126 (휘경동),37.591192,127.0648995,휘경동
503,경동주유소,서울특별시 동대문구 이문동 255-119번지 ,서울특별시 동대문구 이문로 191 (이문동),37.6036095,127.0595971,이문동
504,SK네트웍스(주) 스피드주유소,서울특별시 동대문구 장안동 466-8번지 ,서울특별시 동대문구 천호대로 453 (장안동),37.563198,127.0674661,장안동
505,(주)안국에너지 삼원주유소,서울특별시 동대문구 휘경동 275-6번지 ,서울특별시 동대문구 망우로 90 (휘경동),37.5901174,127.0609679,휘경동
506,(주) 블루에너지,서울특별시 영등포구 대림동 667-13번지 ,서울특별시 영등포구 가마산로 367 (대림동),37.5015666,126.8966021,대림동
507,신일주유소,서울특별시 중랑구 망우동 523-4번지 ,서울특별시 중랑구 상봉로 58 (망우동),37.5909065,127.0916453,망우동
508,방이주유소,서울특별시 송파구 방이동 132-1번지 ,서울특별시 송파구 위례성대로12길 38 (방이동),37.5106482,127.118544,방이동
509,선우상사 삼전주유소,서울특별시 송파구 삼전동 7-8번지 ,서울특별시 송파구 백제고분로 199 (삼전동),37.5032206,127.089039,삼전동
510,잠실주유소,서울특별시 송파구 송파동 19-1번지 ,서울특별시 송파구 송파대로 442 (송파동),37.5032193,127.073718,송파동
511,우리주유소,서울특별시 송파구 가락동 137-9번지 ,서울특별시 송파구 동남로 153 (가락동),37.4924385,127.1251874,가락동
512,상아주유소,서울특별시 송파구 마천동 49-11번지 12호 ,서울특별시 송파구 거마로 82 (마천동),37.4999947,127.1456762,마천동
513,남성대주유소,서울특별시 송파구 장지동 645-13번지 ,서울특별시 송파구 송파대로 52 (장지동),37.4780777,127.1308584,장지동
514,완불주유소,서울특별시 송파구 장지동 608-5번지 ,서울특별시 송파구 송파대로 3 (장지동),37.4793597,127.1236063,장지동
515,진양주유소,서울특별시 송파구 풍납동 401-6번지 ,서울특별시 송파구 올림픽로 499 (풍납동),37.5336366,127.1184076,풍납동
516,한강에너지(주)퍼스트주유소,서울특별시 송파구 석촌동 217-17번지 ,서울특별시 송파구 삼학사로 22 (석촌동),37.4992615,127.094879,석촌동
517,SK네트웍스(주) 송파주유소,서울특별시 송파구 거여동 26-1번지 ,서울특별시 송파구 거마로 5 (거여동),37.4943938,127.141752,거여동
518,SK네트웍스(주) 올림픽주유소,서울특별시 송파구 오금동 4-1번지 ,서울특별시 송파구 위례성대로 188 (오금동),37.5096342,127.1297074,오금동
519,(주)지에스이앤알송파제일주유소,서울특별시 송파구 석촌동 210-16번지 ,서울특별시 송파구 삼학사로 50 (석촌동),37.5016389,127.0950528,석촌동
520,(주)삼정석유 삼정주유소,서울특별시 송파구 삼전동 72-2번지 ,서울특별시 송파구 백제고분로 252 (삼전동),37.5016385,127.0884867,삼전동
521,송파주유소,서울특별시 송파구 송파동 174-16번지 ,서울특별시 송파구 송이로 28 (송파동),37.503647,127.112988,송파동
522,가락로주유소,서울특별시 송파구 석촌동 239-8번지 ,서울특별시 송파구 가락로 47 (석촌동),37.50521,127.0976757,석촌동
523,SK네트웍스(주) 서원주유소,서울특별시 송파구 가락동 146-6번지 ,서울특별시 송파구 중대로 154 (가락동),37.4957644,127.1225217,가락동
524,백제고분로주유소,서울특별시 송파구 방이동 109-6번지 ,서울특별시 송파구 오금로 143 (방이동),37.5121952,127.1146584,방이동
525,(주)뉴명성산업 남성주유소,서울특별시 송파구 방이동 149-3번지 ,서울특별시 송파구 백제고분로 474 (방이동),37.5125561,127.111841,방이동
526,송파알찬주유소,서울특별시 송파구 삼전동 9-8번지 ,서울특별시 송파구 백제고분로 229 (삼전동),37.5068281,127.0916435,삼전동
527,(주)삼표에너지훼미리주유소,서울특별시 송파구 문정동 150-21번지 ,서울특별시 송파구 중대로 58 (문정동),37.4911956,127.1131484,문정동
528,(주)유진주유소,서울특별시 송파구 오금동 121-1번지 ,서울특별시 송파구 동남로 325 (오금동),37.5057354,127.1288579,오금동
529,(주)삼표에너지 아시아주유소,서울특별시 송파구 잠실동 305-11번지 ,서울특별시 송파구 도곡로 438 (잠실동),37.5045724,127.0751917,잠실동
530,대성석유(주)석촌주유소,서울특별시 송파구 석촌동 14-12번지 ,서울특별시 송파구 백제고분로 289 (석촌동),37.5036678,127.1055739,석촌동
531,인광주유소,서울특별시 송파구 석촌동 295번지 ,서울특별시 송파구 송파대로 397 (석촌동),37.5029328,127.095041,석촌동
532,서울주유소,서울특별시 송파구 가락동 180-4번지 ,서울특별시 송파구 문정로 153 (가락동),37.4931962,127.1341214,가락동
533,대성주유소,서울특별시 송파구 마천동 31번지 ,서울특별시 송파구 마천로 230 (마천동),37.498913,127.1557901,마천동
534,삼화셀프주유소,서울특별시 송파구 잠실동 222-31번지 ,서울특별시 송파구 백제고분로 125 (잠실동),37.5163521,127.0980156,잠실동
535,제트라인DM주유소,서울특별시 송파구 가락동 36-7번지 ,서울특별시 송파구 중대로 183 (가락동),37.498494,127.1231673,가락동
536,정직한주유소,서울특별시 송파구 거여동 19-4번지 ,서울특별시 송파구 오금로 455 (거여동),37.4960118,127.1450203,거여동
537,가든파이브주유소,서울특별시 송파구 장지동 875-1번지 ,서울특별시 송파구 탄천동로 740 (장지동),37.4844984,127.0783069,장지동
538,가든5주유소,서울특별시 송파구 장지동 245-21번지 외11필지 ,,37.4749611,127.1228305,장지동
